id,name,brand,street,place,lat,lng,city_search
005056ba-7cb6-1ed2-bceb-a0831c5a0d3e,star Tankstelle,STAR,Mülheimer Straße,Oberhausen,51.4697,6.86383,Essen
d35ba61d-223a-4e72-adf3-b75a3680264b,Aral Tankstelle,ARAL,Mülheimer Straße,Oberhausen,51.47276,6.863527,Essen
51d4b42f-a095-1aa0-e100-80009459e03a,JET OBERHAUSEN BUSCHHAUSENER STR. 9,JET,BUSCHHAUSENER STR.,OBERHAUSEN,51.47785,6.85169,Essen
cdc816f0-7e1d-4749-b29b-333636c91df0,Aral Tankstelle,ARAL,Mülheimer Straße,Oberhausen,51.466988,6.864604,Essen
c3c64020-aea0-4e2c-8325-4520e35cf3aa,Aral Tankstelle,ARAL,Bebelstraße,Oberhausen,51.471523,6.83761,Oberhausen
c8092a8d-dba4-449e-a04f-64e3948f469f,Shell Oberhausen Duisburger Str. 131,Shell,Duisburger Str.,Oberhausen,51.480689,6.847908,Essen
bd17c99d-decc-4ca8-a818-7513861c96a3,Oberhausen,OIL!,Duisburger Straße 374,Oberhausen,51.474,6.83232,Oberhausen
8f737966-0195-47f0-b454-ad8e0285e0cb,TotalEnergies Oberhausen,TotalEnergies,Ruhrorter Str.,Oberhausen,51.477426,6.830007,Oberhausen
bd63a345-7ddd-4f2b-a50b-88bb02650428,KHG Tankstelle Mülheim,,Heidestraße,Mülheim an der Ruhr,51.452183,6.849996,Essen
f73fc6a0-9b17-48a8-8b9a-15489fc952ff,Shell Mülheim Oberhausener Str. 132-136,Shell,Oberhausener Str.,Mülheim,51.449339,6.861028,Essen
51d4b54b-a095-1aa0-e100-80009459e03a,JET MUELHEIM MANNESMANN  ALLEE 21,JET,MANNESMANN  ALLEE,MUELHEIM,51.45674,6.88016,Essen
005056ba-7cb6-1ed2-bceb-a6034455cd41,star Tankstelle,STAR,Falkensteinstraße,Oberhausen,51.475935,6.885642,Essen
18d8e371-2100-47cb-a488-5f903a4fd42b,Aral Tankstelle,ARAL,Steinkampstraße,Mülheim an der Ruhr,51.447487,6.845953,Essen
77c8895e-fb7d-44c1-9979-3794e337dc20,Shell Oberhausen Centroallee 278,Shell,Centroallee,Oberhausen,51.48733,6.8762,Essen
51d4b4b1-a095-1aa0-e100-80009459e03a,Supermarkt-Tankstelle DUISBURG BERLINER STR. 90,Supermarkt-Tankstelle,BERLINER STR.,DUISBURG,51.48012,6.80954,Oberhausen
2259649f-5c12-4ea0-98bb-69423abe9ebd,Shell Oberhausen Centroallee 262,Shell,Centroallee,Oberhausen,51.48935,6.884003,Essen
98d2fba9-f182-40a8-bfb1-7de7b212d8ef,Esso Tankstelle,ESSO,WESTMARKSTR. 7,OBERHAUSEN,51.494214,6.828572,Oberhausen
f0413398-5783-47db-866f-d97f00775c95,PM Express Oberhausen Max-Eyth-Str. 3-7,PM Express,Max-Eyth-Str.,Oberhausen,51.49773,6.840377,Oberhausen
bf6a0538-c23c-48d5-9d02-a151a732d750,PM Oberhausen Essener Str. 345,PM,Essener Str.,Oberhausen,51.481473,6.894112,Essen
7234f173-2ab9-4201-928f-4244b14649c0,TotalEnergies Muelheim,TotalEnergies,Mellinghofer Str.,Muelheim,51.445336,6.884433,Essen
d807e009-1268-4195-a99f-3bcd23ce91f7,Harrald Kaminski,Freie Tankstelle,Unterstr 36,essen,51.48295,6.90373,Essen
29f08a8c-9b36-4b8d-99bd-8b0289298314,Elan Duisburg-Neumuehl,ELAN,K.-Adenauer-Ring,Duisburg-Neumuehl,51.495094,6.81062,Oberhausen
51d4b55a-a095-1aa0-e100-80009459e03a,JET DUISBURG EMMERICHER STR. 73,JET,EMMERICHER STR.,DUISBURG,51.47143,6.79325,Oberhausen
5095976b-494a-4ed1-b7ab-8939391865ba,West-Tank Essen Frintroper Str. 462,West-Tank,Frintroper Str.,Essen,51.4764,6.91089,Essen
a16d5bfa-0800-c8e6-b21e-268dcd70178c,Tramin Tankcenter Hafen,Tramin,Rhein/Ecke Elbestr,Mülheim,51.431481,6.859273,Essen
51d4b441-a095-1aa0-e100-80009459e03a,JET MUELHEIM AKTIENSTR. 81,JET,AKTIENSTR.,MUELHEIM,51.43647,6.88509,Essen
d6a30fc8-18f7-4e6e-9a74-f0737d89fc52,Shell Duisburg Duisburger Str. 26,Shell,Duisburger Str.,Duisburg,51.486314,6.793173,Oberhausen
1a47513e-f1a5-4540-b99e-cb0cf47a9214,OIL! Tankstelle Essen,OIL!,Oberhauser Straße 2,Essen,51.4736,6.91564,Essen
77ba82e8-c8a1-4095-9373-af4b6167fdf1,Aral Tankstelle,ARAL,Vestische Straße,Oberhausen,51.5095,6.865255,Essen
c6655b86-3212-43c1-8339-1d97ecddf475,Shell Mülheim Duisburger Str. 466,Shell,Duisburger Str.,Mülheim,51.432903,6.822075,Oberhausen
25e0bbe5-1c76-493c-a7f0-58482fd3600f,Kraft GmbH,Freie Tankstelle,Aktienstr.,Mülheim a.d. Ruhr,51.445701,6.905216,Essen
3fd39e6d-e1f4-4151-84ef-c5c819a8a49e,Aral Tankstelle,ARAL,Bottroper Straße,Oberhausen,51.502728,6.892161,Essen
032cd239-66cc-4bb6-a028-509ba9e08889,Automatentankstelle,Markant (Tankautomat),Bruchstr.,Mülheim,51.43562,6.89037,Essen
45d03bfa-7537-4b68-9cb6-96e7f1e937f6,Aral Tankstelle,ARAL,Aktienstraße,Mülheim,51.44446,6.905406,Essen
1b63e09f-1978-49fd-ecc7-4002923f4a47,Tramin Tankcenter Osterfeld,Tramin,Bottroper Str.,Oberhausen,51.5031,6.89427,Essen
57b1b6a5-2250-4121-89be-e7042ebc736a,Aral Tankstelle,ARAL,Duisburger Straße,Duisburg,51.489326,6.784194,Oberhausen
211f458a-83a7-4406-850b-241393f7df48,TotalEnergies Oberhausen,TotalEnergies,Biefangstr.,Oberhausen,51.513599,6.827426,Oberhausen
cd138abb-073d-425a-af34-5328e3a751b0,AVIA Truck,AVIA Truck,Sympher Straße,Duisburg,51.45815,6.778842,Oberhausen
0ce04456-2828-40ca-bac8-d7346d2c8a7c,Aral Tankstelle,ARAL,Teutoburger Straße,Oberhausen,51.516624,6.857246,Oberhausen
005056ba-7cb6-1ed2-bceb-6f7b23564d23,ORLEN Tankstelle,ORLEN,Duisburger Straße,Duisburg,51.490025,6.783005,Oberhausen
441a2e79-f224-4d9d-a363-403ac280b0d9,OIL! Tankstelle Oberhausen,OIL!,Teutoburger Straße 154,Oberhausen,51.5159,6.87309,Essen
9358a9f7-f41e-4756-9d7a-4f59cbdb2484,Esso Tankstelle,ESSO,AKTIENSTR. 34 A,ESSEN,51.45958436,6.927510828,Essen
ba42b812-54c1-4a3f-1e99-56e2d5081047,Tankstelle Bily GmbH,Tankstelle Bily GmbH & CO KG,Saaner Str.,Mühlheim a.d. Ruhr,51.421102,6.846265,Oberhausen
aded7611-3b72-4e8b-8e07-dc08e200e409,TotalEnergies Duisburg,TotalEnergies,Bgm.-Puetz-Str.,Duisburg,51.463548,6.773462,Oberhausen
d6a16688-3775-4822-b7d6-bfe23c06a672,Shell Duisburg Biesenstr. 40,Shell,Biesenstr.,Duisburg,51.469357,6.772324,Oberhausen
b1a67e95-0c0d-4010-a4b7-c370cbc4b2bc,Esso Tankstelle,ESSO,MUELHEIMER STR. 151,DUISBURG,51.433637,6.794265,Oberhausen
51d4b699-a095-1aa0-e100-80009459e03a,JET OBERHAUSEN WEIERSTR. 96,JET,WEIERSTR.,OBERHAUSEN,51.52005,6.82984,Oberhausen
221c5c2c-5256-4434-bba8-7b70a2fa7df6,Shell Oberhausen Dorstener Str. 253,Shell,Dorstener Str.,Oberhausen,51.521617,6.861108,Oberhausen
005056ba-7cb6-1ed2-bceb-78b72ae8cd26,star Tankstelle,STAR,Mülheimer Straße,Duisburg,51.432796,6.784191,Oberhausen
e3847b06-6c52-4de2-a8ce-84d97ec13a4e,Shell Oberhausen Weseler Str. 51,Shell,Weseler Str.,Oberhausen,51.525355,6.841736,Oberhausen
c55c029c-7723-40b7-8245-e6223fc4cf93,Aral Tankstelle,ARAL,Frintroper Straße,Essen,51.462673,6.941557,Essen
03d787d4-ffdf-4de4-83d7-81fe76e79a59,Aral Tankstelle,ARAL,Kardinal-Galen-Straße,Duisburg,51.43743,6.776241,Oberhausen
efa5312a-ecff-4a2c-9628-0901c80bc1eb,Jörg Wozniak,Markant,Sternbuschweg,Duisburg,51.42652,6.79121,Oberhausen
9eb94d55-0805-4c4d-9fce-0ee46455326d,Esso Tankstelle,ESSO,STERKRADER STR. 213,BOTTROP,51.520427,6.894371,Essen
828456d8-9842-4026-a34d-9525787dfe0b,Esso Tankstelle,ESSO,HAUS-HORL-STR. 52,ESSEN,51.491536,6.938657,Essen
4e474e0b-67a2-4b7d-868f-88c804c0537d,Aral Tankstelle,ARAL,Röntgenstraße,Mülheim,51.41748,6.895428,Essen
bf839d57-2cd1-1d5d-9418-0e73b4c50d5f,Tramin Tankcenter am Uhlenhorst,Tramin,Großenbaumer Str.,Mülheim,51.410392,6.855734,Essen
5e7b3e0a-638e-44e9-8d0b-b33f3e7c9aff,Aral Tankstelle,ARAL,Essener Straße,Mülheim,51.430687,6.923581,Essen
5553274c-b762-4602-87ca-4dba4f942138,Tankstelle Peters,Freie,Weidkamp,Essen,51.477933,6.946487,Essen
1318fba5-8b49-4080-a745-3b8be1f5cafc,Aral Tankstelle,ARAL,Grossenbaumer Straße,Mülheim,51.40951,6.853948,Oberhausen
005056ba-7cb6-1ed2-bceb-78e1f2f9ad26,star Tankstelle,STAR,Kaiser-Friedrich-Straße,Duisburg,51.508621,6.777658,Oberhausen
783d5ccc-ebc6-46d8-a962-be07b9183536,Shell Duisburg Buschstr.,Shell,Buschstr.,Duisburg,51.498521,6.763165,Oberhausen
b468a4fc-0e5a-49f8-a5a0-f5c919615725,Tankcenter Muelheim,Tankcenter,Zeppelinstr.,Muelheim,51.416775,6.905371,Essen
f29362be-cd78-4e8e-a424-6741c03acaff,OIL! Tankstelle Mülheim,OIL!,Zeppelinstraße 95,Mülheim,51.4158,6.90749,Essen
d121352f-a134-48db-8593-558922e24494,TotalEnergies Duisburg,TotalEnergies,Koloniestr.,Duisburg,51.419762,6.786564,Oberhausen
5fa8356d-8d70-46be-9b12-b3feb521d7eb,Calpam Tankstelle,Calpam,Koloniestr,Duisburg,51.419960021973,6.7853193283081,Oberhausen
c4709e5b-e76b-4792-8632-7d9d71ed8c9d,KHG Tankstelle Duisburg,,Koloniestr.,Duisburg,51.419376,6.786102,Oberhausen
c33dbd80-9f79-46a2-98a3-65a2c59fd0a5,FluS Handelsgesellschaft mbH,Freie Tankstelle,Dahlmannstrasse,Duisburg,51.502065,6.761169,Oberhausen
d93992ea-a933-4d48-ba74-d63ee8a18055,Aral Tankstelle,ARAL,Siegesstraße,Oberhausen,51.52115,6.787809,Oberhausen
4a58cd30-6303-4661-9852-e613960d2d4d,Access Duisburg Hamborn,Access,Kaiser-Friedrich-Str.,Duisburg Hamborn,51.505958,6.76359,Oberhausen
758813d3-4bbc-4bf2-b7be-ecc7c212c3d8,Shell Bottrop Im Fuhlenbrock 137,Shell,Im Fuhlenbrock,Bottrop,51.531166,6.891594,Essen
3d4386e8-05e5-406e-af32-820cce4ecf73,OIL! Tankstelle Duisburg,OIL!,Mercatorstraße 131-133,Duisburg,51.4267,6.76989,Oberhausen
61f78721-d695-4d16-b048-55faadf67e45,Q1 Tankstelle,Q1,Auf der Höhe,Duisburg,51.4418,6.75348,Oberhausen
e88898b1-2148-4935-970a-f2788031fbc1,OIL! tank &amp; go Automatentankstelle Duisburg,OIL! (Automatenstation),Mercatorstraße 158,Duisburg,51.4265,6.76889,Oberhausen
2d9c092e-c5f9-4fb4-9694-ab4e352cd307,Shell Bottrop Essener Str. 118-124,Shell,Essener Str.,Bottrop,51.511907,6.935049,Essen
51d4b5ae-a095-1aa0-e100-80009459e03a,JET MUELHEIM STRASSBURGER ALLEE 75,JET,STRASSBURGER ALLEE,MUELHEIM,51.40372,6.87346,Essen
2721b8df-9116-4d56-943c-677433506b0d,Aral Tankstelle,ARAL,Bahnstraße,Oberhausen,51.529583,6.797949,Oberhausen
639d715c-7e75-450f-b3ce-3ec1e81e5f70,Shell Oberhausen Kirchhellener Str. 140,Shell,Kirchhellener Str.,Oberhausen,51.537876,6.86395,Oberhausen
005056ba-7cb6-1ed2-bceb-7758df554d25,star Tankstelle,STAR,Düsseldorfer Straße,Duisburg,51.424758,6.765335,Oberhausen
e6731228-b5f4-4fa1-aa2e-9afc266ecada,Aral Tankstelle,ARAL,Friedrich-Ebert-Str.,Bottrop,51.519913,6.931138,Essen
005056ba-7cb6-1ed2-bceb-b14c32ab0d45,star Tankstelle,STAR,Humboldtring,Mülheim,51.43959,6.95448,Essen
51d4b60e-a095-1aa0-e100-80009459e03a,JET ESSEN BOCHOLDER STR. 187,JET,BOCHOLDER STR.,ESSEN,51.47325,6.96533,Essen
d12b6519-3e8d-4ee3-8405-526ec101d708,Shell Duisburg Musfeldstr. 55,Shell,Musfeldstr.,Duisburg,51.427665,6.759301,Oberhausen
d41fb463-9529-4f0c-9236-7f1d4731bb09,Aral Tankstelle,ARAL,Hafenstraße,Duisburg,51.45321,6.740333,Oberhausen
51d4b55b-a095-1aa0-e100-80009459e03a,JET MUELHEIM KOELNER STR. 54,JET,KOELNER STR.,MUELHEIM,51.39902,6.87566,Essen
51d4b43c-a095-1aa0-e100-80009459e03a,JET DUISBURG FRIEDRICH-EBERT-STR. 180,JET,FRIEDRICH-EBERT-STR.,DUISBURG,51.46926,6.73546,Oberhausen
005056ba-7cb6-1ed2-bceb-9d5672a1ed3c,star Tankstelle,STAR,Kölner Straße,Mülheim,51.397989,6.875842,Essen
85a803cc-60ad-4de4-b0e0-7c5b31a896a2,Shell Bottrop A2 Bottrop Sued,Shell,A2 Bottrop Sued,Bottrop,51.539923,6.885957,Oberhausen
51d4b4d0-a095-1aa0-e100-80009459e03a,JET BOTTROP HANS-SACHS-STR. 15-19,JET,HANS-SACHS-STR.,BOTTROP,51.5268,6.92688,Essen
1180607e-b498-454f-8f06-602829b81ffb,Q1 Tankstelle,Q1,Arnold-Overbeck-Straße,Duisburg,51.4835,6.734,Oberhausen
005056ba-7cb6-1ed2-bceb-7519b4d04d25,star Tankstelle,STAR,Schmachtendorfer Straße,Oberhausen,51.541306,6.818245,Oberhausen
57f5ba74-0cc6-c340-56ad-94925cdc813b,Tramin Tankcenter Saarn,Tramin,Kölner Str.,Mülheim,51.39618,6.8746,Essen
005056ba-7cb6-1ed2-bceb-963ae2604d38,star Tankstelle,STAR,Friedrich-Ebert-Straße,Duisburg,51.482415,6.732324,Oberhausen
e9994876-6876-4787-8de1-7e36c8b9a799,Aral Tankstelle,ARAL,Hans-Sachs-Straße,Bottrop,51.530323,6.924594,Essen
f96aeacf-97ff-47a6-b3f5-a91bff42408c,TotalEnergies Autohof Duisburg,TotalEnergies Autohof,Autohof -  Am Schluetershof,Duisburg,51.437949,6.738798,Oberhausen
b324d37d-7324-4a90-bda5-20bb54d44405,Karsten Höcker,Markant,Bottroper Str.,Essen,51.48465,6.97281,Essen
c7ff481f-7cb5-4413-be4b-bcf47fff29b1,Aral Tankstelle,ARAL,Berliner Straße,Essen,51.452454,6.972793,Essen
8dc98c23-8ce7-40cd-8d75-4d51d4fbbe14,TotalEnergies Duisburg,TotalEnergies,Heerstr.,Duisburg,51.41509,6.762589,Oberhausen
51d4b622-a095-1aa0-e100-80009459e03a,JET ESSEN BOTTROPER STR. 306,JET,BOTTROPER STR.,ESSEN,51.48468,6.97488,Essen
51d4b604-a095-1aa0-e100-80009459e03a,JET BOTTROP GLADBECKER STR. 113,JET,GLADBECKER STR.,BOTTROP,51.53141,6.92954,Essen
228f5d88-2dff-4f34-a5b4-7538f63857aa,Aral Tankstelle,ARAL,Hoehenweg,Oberhausen,51.54838,6.851153,Oberhausen
646ad98b-435a-49f6-b33b-12b0ff37b15f,Aral Tankstelle,ARAL,Bottroper Straße,Essen,51.484367,6.975781,Essen
6f1532ed-c97b-42b2-94ea-73063728ca5d,Shell Duisburg Rheinhauserstr. 179,Shell,Rheinhauserstr.,Duisburg,51.419118,6.751523,Oberhausen
005056ba-7cb6-1ed2-bceb-9ec28df60d3d,star Tankstelle,STAR,Bottroper Straße,Essen,51.482208,6.979689,Essen
f6b98263-77d2-44b4-b77e-9733d7e756c3,Esso Tankstelle,ESSO,HATZPER STR. 221,ESSEN,51.420752,6.955207,Essen
d49f1a96-c822-4a62-87cd-3f3434458e8e,OIL! Tankstelle Essen,OIL!,Frohnhauser Straße 215,Essen,51.4496,6.97792,Essen
0a3abfdc-d108-402b-b303-10a42c25f80a,Aral Tankstelle,ARAL,Weseler Straße,Duisburg,51.513927,6.741863,Oberhausen
ea07e3cf-7609-4c10-9b01-fd5e6f3cfede,Aral Tankstelle,ARAL,Ostring,Bottrop,51.521896,6.952606,Essen
bfe3d86b-b520-4fcb-b101-38e7246b0562,Shell Essen Hausacker/Ecke Kaempenstr.,Shell,Hausacker/Ecke Kaempenstr.,Essen,51.442322,6.976069,Essen
a9d29a55-2ef5-4dde-9b7a-6a2f1627b87b,Shell Duisburg Wacholderstr. 20,Shell,Wacholderstr.,Duisburg,51.405002,6.769096,Oberhausen
0b51ce8e-c120-4e70-8853-169a4f1cb4b4,Esso Tankstelle,ESSO,BOTTROPER STR. 100,ESSEN,51.475892,6.984549,Essen
005056ba-7cb6-1ed2-bceb-714f5c000d23,star Tankstelle,STAR,Friedrich-Ebert-Straße,Duisburg,51.517588,6.741547,Oberhausen
ef141f91-6692-4791-beb1-02a0cf50bdf7,Tankport Bottrop,,Kirchhellener Str.,Bottrop,51.54355,6.91792,Essen
4f20872e-6375-411d-95d7-9cefb641792f,Shell Duisburg Wedauer Str. 325,Shell,Wedauer Str.,Duisburg,51.392646,6.791711,Oberhausen
b984d29b-ee6f-4195-8497-02c0edb9aa05,Iris Müller,Westfalen,Wanheimer Str.,Duisburg,51.40969,6.75258,Oberhausen
d20daa3e-3cbe-4e84-a022-c281a14660a9,Gökhan Orhan,Westfalen,Rheindeichstr.,Duisburg,51.45732,6.71279,Oberhausen
3f291987-7e75-4013-b146-e4fe7e14745c,Esso Tankstelle,ESSO,SOMMERBURGSTR. 114,ESSEN,51.424835,6.974874,Essen
51d4b446-a095-1aa0-e100-80009459e03a,JET BOTTROP HORSTER STR. 264,JET,HORSTER STR.,BOTTROP,51.53324,6.95453,Essen
dd3305f5-c2b3-47d0-acda-02842e693cf9,Essen Hans-Böckler-Straße,Mr. Wash Autoservice AG,Hans-Böckler-Straße,Essen,51.45515,6.99669,Essen
5f19a156-2d66-401f-8038-4c4905f3b4a7,TotalEnergies Duisburg,TotalEnergies,Dr.-Wilh.-Roelen-Str,Duisburg,51.527317,6.7363,Oberhausen
51d4b43f-a095-1aa0-e100-80009459e03a,JET DUISBURG DUESSELDORFER STR. 572,JET,DUESSELDORFER STR.,DUISBURG,51.39711,6.75999,Oberhausen
7b332ad1-b480-444f-98a2-3f448d45917f,Shell Essen Gladbecker Str. 385,Shell,Gladbecker Str.,Essen,51.485996,6.998562,Essen
6bbcea89-9ecf-40c5-a747-fc16fe2b2785,Essen Gladbecker Straße,Mr. Wash Autoservice AG,Gladbecker Straße,Essen,51.4884818,6.9981335,Essen
ff1158e6-ce9d-4e5b-aefe-d54393487d55,OIL! Tankstelle Essen,OIL!,Schederhofstraße 8,Essen,51.4495,6.99802,Essen
5c670918-614c-4982-9cd7-1ed0ba922c7a,Aral Tankstelle,ARAL,Gladbecker Str.,Essen,51.48616,6.999299,Essen
909771dc-67d9-4127-be98-06b90fab9a93,Ernst Vollmer,Markant,Kurt-Schumacher-Str.,Dinslaken,51.55736,6.79608,Oberhausen
e1a15081-2570-9107-e040-0b0a3dfe563c,"Essen, Hufelandstr. 26",HEM,Hufelandstr.,Essen,51.436685,6.994071,Essen
cd8ba6a6-1eeb-1ed4-8fa3-6a5bd514c3b5,JET ESSEN GLADBECKER STR. 292,JET,GLADBECKER STR.,ESSEN,51.48079,7.00261,Essen
25f2f2d2-8e47-4b82-9b28-2d504d3665cb,Shell Duisburg Moerser Str. 121,Shell,Moerser Str.,Duisburg,51.449345,6.701674,Oberhausen
f14eb3a1-4165-47c3-a690-486b5084b08f,Aral Tankstelle,ARAL,Holsterhauser Straße,Essen,51.446255,7.000578,Essen
51d4b6de-a095-1aa0-e100-80009459e03a,JET ESSEN OSTFELDSTR. 9,JET,OSTFELDSTR.,ESSEN,51.45772,7.0043,Essen
c7f04698-bad7-42c0-acc1-47bfc4c300ad,Shell Essen Gladbecker Str. 140,Shell,Gladbecker Str.,Essen,51.470982,7.007035,Essen
81a96696-3408-4131-8fc6-98ed2f53986f,TotalEnergies Bottrop,TotalEnergies,Prosperstr.,Bottrop,51.522187,6.98437,Essen
48e003fa-219d-4ba3-9682-2ba59675b04f,Aral Tankstelle,ARAL,Alfredstraße,Essen,51.432068,7.001987,Essen
99f6b542-6548-43fe-85ef-a172e1ce367b,Shell Duisburg Friedrich-Ebert-Str. 443,Shell,Friedrich-Ebert-Str.,Duisburg,51.541104,6.73642,Oberhausen
d3f29de5-559f-4b1d-a9c9-2e88a81d6e01,Aral Tankstelle,ARAL,Altenessener Straße,Essen,51.492367,7.009831,Essen
e454c9f8-9a30-45b1-9385-9d464e8a68df,Aral Tankstelle,ARAL,Alfredstraße,Essen,51.428574,7.000317,Essen
51d4b5a8-a095-1aa0-e100-80009459e03a,JET DUISBURG ASTERLAGERSTR. 22,JET,ASTERLAGERSTR.,DUISBURG,51.41736,6.71123,Oberhausen
26cd6fc7-fc14-443d-a9f9-f146ccd3c1a2,TotalEnergies Essen,TotalEnergies,Alfredstr.,Essen,51.421944,6.998477,Essen
59c44042-865b-4d60-8611-08fa5e118e5d,Karsten Höcker,Westfalen,Wilhelm-Tenhagen-Str.,Bottrop,51.53582,6.97908,Essen
18cb3f99-c235-4769-88e6-8ae45c8d6168,Shell Essen Von-Schmoller-Str. 1,Shell,Von-Schmoller-Str.,Essen,51.44267,7.011935,Essen
cf5c443d-acde-41cd-a129-5aac6435b216,Esso Tankstelle,ESSO,ZEUNERSTR. 2 - 4,ESSEN,51.4115852,6.992330604,Essen
005056ba-7cb6-1ed2-bceb-a6df7844cd41,star Tankstelle,STAR,Zeunerstraße,Essen,51.41181,6.992662,Essen
34fd79de-09c5-47f1-a40e-c12e394db81e,Shell Duisburg Duesseldorfer Landstr. 113,Shell,Duesseldorfer Landstr.,Duisburg,51.380885,6.759509,Oberhausen
51d4b658-a095-1aa0-e100-80009459e03a,JET DUISBURG RHEINPREUSSENSTR. 73,JET,RHEINPREUSSENSTR.,DUISBURG,51.44495,6.68652,Oberhausen
9b1adea6-77a4-cf0e-ca11-304d1a49305f,Tankstelle Duisburg,Roth- Energie,Rheinpreussenstrasse,Duisburg-Homberg,51.444603,6.686205,Oberhausen
c8bdd166-83e5-4dfe-8214-9acc64ba63aa,TotalEnergies Muelheim,TotalEnergies,Koelner Str.,Muelheim,51.363467,6.863279,Oberhausen
35ef7426-4e6d-49d7-8c28-80b893497a43,Shell Duisburg Friedrich-Ebert-Str. 510,Shell,Friedrich-Ebert-Str.,Duisburg,51.545578,6.731547,Oberhausen
92c9b940-e8ac-4019-9316-c7e1ef86ea1c,Ernst Buscher GmbH & Co. KG,BFT,Moerser Str.,Duisburg,51.415619,6.702698,Oberhausen
a543be1b-6689-4a87-a654-26a60b742ad0,Timo Schubert,Westfalen,Bottroper Str.,Bottrop,51.57097,6.91068,Oberhausen
8e08cea1-b503-4b8f-88ee-7a5c1563e185,SB Essen Steeler Str. 110,SB,Steeler Str.,Essen,51.452886,7.023913,Essen
005056ba-7cb6-1ed2-bceb-718833c98d23,star Tankstelle,STAR,Moltkestraße,Essen,51.44335,7.019425,Essen
4fe98045-6a50-4db8-88ff-4ba7d752f237,OIL! Tankstelle Essen,OIL!,Elisenstraße 69,Essen,51.4619,7.03315,Essen
e90c8a1c-3a67-48ad-b32b-0b820f49472a,Shell Essen Mueller-Breslau-Str. 42,Shell,Mueller-Breslau-Str.,Essen,51.435844,7.019194,Essen
64ac1000-7b0e-46bf-b8b1-efcf3f202002,Aral Tankstelle,ARAL,Steeler Straße,Essen,51.4472,7.04587,Essen
e5892417-0beb-415f-9d20-d8141a7cb90c,Aral Tankstelle,ARAL,Ernestinenstraße,Essen,51.467785,7.045453,Essen
5357f473-f047-44c6-b569-bab0c1b63305,Aral Tankstelle,ARAL,Rellinghauser Straße,Essen,51.43488,7.033927,Essen
4e070b04-cb1e-4959-b2e7-f50af9d1e8de,Esso Tankstelle,ESSO,RUHRALLEE 150,ESSEN,51.436997,7.043246,Essen
dbcf78ed-7e03-4f3f-b1d7-19a1e2608cc6,Shell Essen Gelsenkirchener Str. 52-54,Shell,Gelsenkirchener Str.,Essen,51.479572,7.039752,Essen
cd84c6d5-9c15-4ab8-8214-e8305df5ab6d,TotalEnergies Essen,TotalEnergies,Frankenstr.,Essen,51.422046,7.028408,Essen
1ede8890-f084-4a4b-9fff-71c7724c70dc,SB Essen Frankenstraße 74,SB,Frankenstraße,Essen,51.427018,7.045871,Essen
ef4bf3a9-3ecd-830c-e040-0b0a3efe34b2,"Essen, Am Deimelsberg 79",HEM,Am Deimelsberg,Essen,51.442833,7.067179,Essen
8423aae8-c9e2-4cbf-98b4-10b4017246b6,Esso Tankstelle,ESSO,AM ZEHNTHOF 204,ESSEN,51.4588,7.073591,Essen
380cc3c4-960a-45c4-e3df-a157084d6fca,Tank und Wasch,Freie Tankstelle Körschen,Joachimstr.,Essen,51.470116,7.070943,Essen
2693b3cf-fbc1-408b-b98c-594761a9d01a,Aral Tankstelle,ARAL,Krayer Straße,Essen,51.46206,7.078826,Essen
724cc479-6e6c-4251-b740-146a12b73982,PM Essen Krayer Str. 175,PM,Krayer Str.,Essen,51.462998,7.078734,Essen
005056ba-7cb6-1ed2-bceb-9269b56c6d35,star Tankstelle,STAR,Huestraße,Essen,51.485941,7.064316,Essen
b63e785b-7c33-4f1f-a893-dac5050d1499,Shell Essen Grenoblestr. 55,Shell,Grenoblestr.,Essen,51.446454,7.082926,Essen
005056ba-7cb6-1ed2-bceb-711467cc4d23,ORLEN Tankstelle,ORLEN,Bochumer Landstraße,Essen,51.447228,7.092898,Essen
005056ba-7cb6-1ed2-bceb-9a3b14f12d3b,star Tankstelle,STAR,Bochumer Landstraße,Essen,51.449456,7.093665,Essen
4a4a9870-56ef-40fb-ac59-4759f398fae6,Shell Essen Katernberger Str. 99,Shell,Katernberger Str.,Essen,51.503022,7.048952,Essen
005056ba-7cb6-1ed2-bceb-a8d4e3c16d41,star Tankstelle,STAR,Steeler Straße,Gelsenkirchen,51.48884,7.08421,Essen
77b0311b-c917-4d2b-a006-cd724d4f5b66,Qpt Essen-Ueberruhr,QPT,Ueberruhrstr.,Essen-Ueberruhr,51.42168,7.08882,Essen
51d4b64d-a095-1aa0-e100-80009459e03a,JET GELSENKIRCHEN SCHWARZMUEHLENSTR. 111,JET,SCHWARZMUEHLENSTR.,GELSENKIRCHEN,51.49731,7.08248,Essen
005056ba-7cb6-1ed2-bceb-ad4135c74d43,star Tankstelle,STAR,Überruhrstraße,Essen,51.420696,7.091678,Essen
19769a56-55fd-8f36-a0ae-a2d30c2893e1,Tramin Tankcenter Heisingen,Tramin,Heisinger Str.,Essen,51.404394,7.065466,Essen
3e49c006-9047-48be-af33-867812cb5e13,Aral Tankstelle,ARAL,Karnaper Straße,Essen,51.51737,7.007558,Essen
2c6b897b-bb60-44ec-b7fb-566781b5b3a8,OIL! Tankstelle Essen,OIL!,Von-Ossietzky-Ring 1,Essen,51.4371,7.10744,Essen
c02451ff-23c1-4dd0-8b51-a9a9e3456ac4,Aral Tankstelle,ARAL,Heidhauser Straße,Essen,51.388103,7.0226,Essen
d2b759c5-cb78-4d04-99a9-bb0335955f4b,BFT-Service Center Lipinski,Frei,Rotthauser Str.,Gelsenkirchen,51.503798,7.0916,Essen
51d4b638-a095-1aa0-e100-80009459e03a,Supermarkt-Tankstelle BOCHUM OTTOSTR. 40 - 43,Supermarkt-Tankstelle,OTTOSTR.,BOCHUM,51.47204,7.12207,Essen
5d7cfe3b-781a-415a-8d4e-ad93161915c0,Shell Gelsenkirchen Junkerweg 23,Shell,Junkerweg,Gelsenkirchen,51.499081,7.102117,Essen
37ac7002-982a-4039-bdee-0c8256f3143e,Automatentankstelle,Markant (Tankautomat),Zum Bauverein,Gelsenkirchen,51.5269,7.01837,Essen
85292be1-14c1-42a8-8de0-29db31af18c1,Sb Essen Deipenbecktal 201,SB,Deipenbecktal,Essen,51.41504,7.106064,Essen
005056ba-7cb6-1ed2-bceb-9a0bd7ad0d3b,star Tankstelle,STAR,Heidhauser Straße,Essen,51.381901,7.021786,Essen
5280826b-e37d-474a-8640-0044cfa87965,Aral Tankstelle,ARAL,Kupferdreher Straße,Essen,51.396835,7.085488,Essen
c1b01ea2-e578-44d8-9151-aa05319abd95,Aral Tankstelle,ARAL,Berliner Straße,Bochum,51.46526,7.131056,Essen
3a0abb0b-3c8b-4d35-b9b5-0ec49ee51947,TotalEnergies Bochum,TotalEnergies,Berliner Str.,Bochum,51.478273,7.12671,Essen
11f62433-4037-4681-be53-b6981b885480,Aral Tankstelle,ARAL,Bochumer Straße,Gelsenkirchen,51.496243,7.114437,Essen
c94e13a2-0cc5-4651-b44c-02df1f0f56a9,Shell Gelsenkirchen Grothusstr. 23,Shell,Grothusstr.,Gelsenkirchen,51.521282,7.074266,Essen
51d4b4ba-a095-1aa0-e100-80009459e03a,JET GELSENKIRCHEN GROTHUSSTR. 21,JET,GROTHUSSTR.,GELSENKIRCHEN,51.52184,7.0731,Essen
005056ba-7cb6-1ed2-bceb-71c090370d23,star Tankstelle,STAR,Grothusstraße,Gelsenkirchen,51.524126,7.067192,Essen
f17814b1-dff1-4984-a621-4c84f6cf4525,TotalEnergies Gelsenkirchen,TotalEnergies,Grothusstr.,Gelsenkirchen,51.52028,7.078772,Essen
ddb99e77-ad94-46ae-aef5-c31752a0b215,Aral Tankstelle,ARAL,Gewerkenstraße,Gelsenkirchen,51.519657,7.081889,Essen
f9dcf4a6-bf53-415e-82fd-1bd9a16d83b2,SB Gelsenkirchen Ueckendorfer Str. 215,SB,Ueckendorfer Str.,Gelsenkirchen,51.4925,7.12328,Essen
005056ba-7cb6-1ed2-bceb-af46afab8d45,star Tankstelle,STAR,Schalker Straße,Gelsenkirchen,51.517064,7.090903,Essen
f5d183fa-e7a6-4325-bf6b-2938f3ec392e,Sb Gelsenkirchen Bottroper Str. 52,Sb,Bottroper Str.,Gelsenkirchen,51.537121,7.01393,Essen
ece5a9ce-b844-4df7-af74-202fc7bad174,TotalEnergies Gelsenkirchen,TotalEnergies,Heinrichplatz,Gelsenkirchen,51.512288,7.111116,Essen
005056ba-7cb6-1ed2-bceb-6ef642fc2d23,star Tankstelle,STAR,Westenfelder Straße,Bochum,51.47214,7.14493,Essen
005056ba-7cb6-1ed2-bceb-758ef79b8d25,star Tankstelle,STAR,Florastraße,Gelsenkirchen,51.51674,7.110031,Essen
a68791ff-0a7a-4a12-89ba-6dbfa53a24b6,Aral Tankstelle,ARAL,Kurt-Schumacher-Straße,Gelsenkirchen,51.532883,7.077537,Essen
51d4b709-a095-1aa0-e100-80009459e03a,JET GELSENKIRCHEN KAERNTENER RING 68,JET,KAERNTENER RING,GELSENKIRCHEN,51.54368,7.02949,Essen
c286f6db-1497-481a-83d5-d0991453a8f7,Aral Tankstelle,ARAL,Bochumer Straße,Bochum,51.479443,7.14988,Essen
0c047f75-6b36-478d-a5f3-b0f528097bd6,Michael Bien,Markant,Westfälische Str.,Bochum,51.46224,7.15474,Essen
f741f52b-7761-4035-9e65-d7b033fbcb99,Shell Bochum A40 Ruhrschnellweg,Shell,A40 Ruhrschnellweg,Bochum,51.475983,7.152908,Essen
03c22aa8-6cfe-455b-9eab-14c08fd663ad,Michael Zimmermann,Westfalen,Brüsseler Str.,Gelsenkirchen,51.51373,7.12315,Essen
5d757ca4-826b-4cab-8131-e801e55ea6f3,Aral Tankstelle,ARAL,Horster Straße,Gladbeck,51.54656,7.012883,Essen
e1a15081-258d-9107-e040-0b0a3dfe563c,"Bochum, Zollstr. 233",HEM,Zollstr.,Bochum,51.445449,7.159824,Essen
d753f9d5-9b2b-4680-824f-2e0ae3d4ef3a,Sb Gelsenkirchen Hüller/Posener Str.,SB,Hüller/Posener Str.,Gelsenkirchen,51.5182,7.12263,Essen
04cf81c5-014f-4d6b-bb9a-86783ca69bbd,TotalEnergies Hattingen,TotalEnergies,Burgaltendorfer Str.,Hattingen,51.405599,7.139186,Essen
7d5598a6-5853-43f1-a855-461df449134d,Shell Bochum Zeppelindamm 8,Shell,Zeppelindamm,Bochum,51.445689,7.162865,Essen
a64ef08b-8765-42d9-ade0-7e43691d531d,Kuster Energy Tankstellen GmbH,Kuster Energy,Ruhrstrasse,Bochum,51.44501,7.162975,Essen
8c3d36f0-132d-49ee-9d6a-20c4fe58330a,Bft Gladbeck Horster Straße 269,bft,Horster Straße,Gladbeck,51.5508,7.00844,Essen
f0fb000e-f388-4442-ac34-df64f49d78df,Zentraltank Gelsenkirchen,Zentral Tank,Wanner Str.,Gelsenkirchen,51.51633,7.129487,Essen
42977713-10bf-4e32-824e-b61061dc53ad,Esso Tankstelle,ESSO,DR.-C.-OTTO-STR. 12,BOCHUM,51.425263,7.15845,Essen
8cb69302-2cfa-4632-a4fc-d5879ac5a0f7,Esso Tankstelle,ESSO,GRAF-ZEPPELIN-STR. 64,ESSEN,51.367474,6.942068,Essen
cc6cb839-4f4a-2086-3493-66567b29ccf4,Tramin Tankstelle Hattingen,Tramin,Kohlenstraße,Hattingen,51.38421,7.119914,Essen
cd59c7ed-9e60-4ffe-8cd8-f095e020f98c,Aral Tankstelle,ARAL,Bismarckstraße,Gelsenkirchen,51.533142,7.110759,Essen
f5251459-7f8a-417b-a817-256b9135ff6c,Shell Gelsenkirchen Willy-Brand-Allee 52a,Shell,Willy-Brandt-Allee,Gelsenkirchen,51.548572,7.073741,Essen
005056ba-7cb6-1ed2-bceb-9f9ec81b0d3d,star Tankstelle,STAR,Bismarckstraße,Gelsenkirchen,51.536574,7.110728,Essen
005056ba-7cb6-1ed2-bceb-966c48c48d38,star Tankstelle,STAR,Hattinger Straße,Bochum,51.43285,7.171757,Essen
4298d975-af4f-4a56-915d-822b3f8723ab,Automatentankstelle,Markant (Tankautomat),Elsa-Brändström-Str.,Bochum,51.45616,7.17611,Essen
d0b989a0-8db0-4faf-a940-b97973f9f935,Aral Tankstelle,ARAL,Ringstraße,Essen,51.361393,6.943623,Essen
51d4b562-a095-1aa0-e100-80009459e03a,Supermarkt-Tankstelle GELSENKIRCHEN ULRICHSTR. 10,Supermarkt-Tankstelle,ULRICHSTR.,GELSENKIRCHEN,51.55064,7.08761,Essen
cd8b8686-d085-1ed7-a59b-163f66bf05c4,JET BOCHUM HATTINGER STR. 629,JET,HATTINGER STR.,BOCHUM,51.43505,7.1792,Essen
98cc4474-55f0-4b23-a643-8687ad5853ec,Shell Duesseldorf Fischerstr. 9-15,Shell,Fischerstr.,Duesseldorf,51.236184,6.777523,Duesseldorf
51d4b683-a095-1aa0-e100-80009459e03a,JET DUESSELDORF WORRINGER STR. 33,JET,WORRINGER STR.,DUESSELDORF,51.22769,6.7963,Duesseldorf
404b23d9-3446-4b68-ab7e-3fdced82c872,TSB Tankstellenbetriebs-GmbH,Freie Tankstelle,Ahnfeldstr.,Düsseldorf,51.238475,6.797713,Duesseldorf
b5a6d284-d502-425f-bd11-f8acfe874239,Aral Tankstelle,ARAL,Ahnfeldstraße,Düsseldorf,51.241592,6.797076,Duesseldorf
ce4a5ad3-003a-490b-92b4-c00d5a17ce1b,Shell Duesseldorf Kruppstr. 55,Shell,Kruppstr.,Duesseldorf,51.21279,6.797591,Duesseldorf
09ee977e-c04e-4db1-98bf-b507b123423c,SVG Tankstelle Düsseldorf Albertstr.,SVG-Nordrhein eG,Albertstr.,Düsseldorf,51.2206,6.806,Duesseldorf
a0fe47f7-1f70-4786-95d2-edfcdfbe25f1,Düsseldorf Völklinger Straße,Mr. Wash Autoservice AG,Völklinger Straße,Düsseldorf,51.2084733,6.7578747,Duesseldorf
9d92e206-e5b7-4820-8cc0-709112aabca0,Aral Tankstelle,ARAL,Luetticher Straße,Düsseldorf,51.23985,6.744074,Duesseldorf
7d09ea41-77b4-4e0a-b2e1-5611b990ca3c,Aral Tankstelle,ARAL,Luetticher Straße,Düsseldorf,51.24112,6.743643,Duesseldorf
005056ba-7cb6-1ed2-bceb-80c585ca6d2b,star Tankstelle,STAR,Dorotheenstraße,Düsseldorf,51.225475,6.811112,Duesseldorf
a9b14f40-30ee-4550-b998-55f2981c6025,Esso Tankstelle,ESSO,MUENSTERSTR. 245,DUESSELDORF,51.247859,6.796692,Duesseldorf
b30c887a-3f9b-4890-a2c1-60b5f09d98b6,Shell Duesseldorf Aufm Hennekamp 5,Shell,Aufm Hennekamp,Duesseldorf,51.202396,6.781376,Duesseldorf
c27625b7-9c45-4260-8cd1-cd3543dd2ad2,Esso Tankstelle,ESSO,MECUMSTR. 45,DUESSELDORF,51.202875,6.785273,Duesseldorf
86f4e629-3746-4f9f-8cf9-989cf6367afa,Aral Tankstelle,ARAL,Brehmstraße,Düsseldorf,51.247917,6.801548,Duesseldorf
8d3cd774-8fb2-41d4-856a-26b299bfb8d8,Shell Duesseldorf Suedring 9,Shell,Suedring,Duesseldorf,51.200851,6.774994,Duesseldorf
646a461e-2341-4b5f-8f8b-09edc8f7d22c,Esso Tankstelle,ESSO,HEINRICH-EHRHARDT-STR. 14,DUESSELDORF,51.254336,6.782436,Duesseldorf
1241bc5a-5571-4cee-bce0-d0ab82000d8c,Aral Tankstelle,ARAL,Südring,Düsseldorf,51.20101,6.763259,Duesseldorf
ad72e182-4a20-4b5c-8204-92de8d97da3e,TotalEnergies Duesseldorf,TotalEnergies,Suedring,Duesseldorf,51.200071,6.767971,Duesseldorf
e1dc26cc-82e0-4d77-b6ac-9af9d7c0832a,Aral Tankstelle,ARAL,Pariser Straße,Düsseldorf,51.233334,6.727858,Duesseldorf
aa221bd6-3dd1-47ec-a935-e06d4c779a57,Aral Tankstelle,ARAL,Kölner Straße,Düsseldorf,51.209538,6.810053,Duesseldorf
5125f112-5d50-4a79-8751-70e7c31fa7fe,TotalEnergies Duesseldorf,TotalEnergies,Hoeherweg,Duesseldorf,51.222132,6.820284,Duesseldorf
d8d18039-46e8-4e65-8815-37d83b2dc5ac,Shell Duesseldorf Ronsdorfer Str. 95,Shell,Ronsdorfer Str.,Duesseldorf,51.217023,6.818992,Duesseldorf
a51fe747-5541-45fc-a225-7e73d1b3df8a,Shell Duesseldorf Muensterstr. 328,Shell,Muensterstr.,Duesseldorf,51.252562,6.80165,Duesseldorf
005056ba-7cb6-1ed2-bceb-7e82e4910d2a,star Tankstelle,STAR,Nikolaus-Knopp-Platz,Düsseldorf,51.231963,6.723723,Duesseldorf
cd8ba6a6-6bb8-1ed6-85de-47223130c78f,JET DUESSELDORF ERKRATHER STR. 368,JET,ERKRATHER STR.,DUESSELDORF,51.2131,6.82463,Duesseldorf
d27a7d15-3fc1-4880-88bd-e981ff6ed5f9,OIL! Tankstelle Düsseldorf,OIL!,Löricker Str. 41,Düsseldorf,51.246,6.72268,Duesseldorf
ee34d5a4-be1a-2a3a-e040-0b0a3dfe5d3f,"Düsseldorf, Karl-Geusen-Str. 171a",HEM,Karl-Geusen-Str. A,Düsseldorf,51.206769,6.822315,Duesseldorf
44afad52-0417-459c-9951-8ba9457c2092,Aral Tankstelle,ARAL,Freiligrathplatz,Düsseldorf,51.265087,6.753424,Duesseldorf
2b42f1b0-407e-41cc-ad95-107668c4cdec,SB Duesseldorf St.Franziskusstr. 194,SB,St.Franziskusstr.,Duesseldorf,51.2592,6.81469,Duesseldorf
51d4b6fa-a095-1aa0-e100-80009459e03a,JET DUESSELDORF RATHER BROICH 151,JET,RATHER BROICH,DUESSELDORF,51.2554,6.82178,Duesseldorf
69d4d0be-ab2b-4e65-ac9e-2a1fca892e90,Shell Duesseldorf Koelner Landstr. 73,Shell,Koelner Landstr.,Duesseldorf,51.193808,6.813494,Duesseldorf
ff55d404-3609-48b2-b16a-ef4a9f2008a0,Elan Duesseldorf,ELAN,Dreherstr.,Duesseldorf,51.229816,6.847744,Duesseldorf
1704611a-48b0-4003-9003-e0a3ee061d4b,Sb Duesseldorf Benderstr. 119-123,SB,Benderstr.,Duesseldorf,51.23879,6.84889,Duesseldorf
e9dbe860-031d-42d2-a96c-8a958df9f764,Shell Meerbusch Neusser Str. 19b,Shell,Neusser Str.,Meerbusch,51.242918,6.698049,Duesseldorf
005056ba-7cb6-1ed2-bceb-7ef561844d2a,star Tankstelle,STAR,Oberrather Straße,Düsseldorf,51.26574,6.8258,Duesseldorf
bafaee0b-10b7-475f-abe7-2bc15d9afceb,TotalEnergies Duesseldorf,TotalEnergies,Theodorstr.,Duesseldorf,51.271852,6.816438,Duesseldorf
fa6624d4-7bb9-4b17-9e56-31e0040428d1,Shell Neuss Düsseldorferstr. 67,Shell,Düsseldorferstr.,Neuss,51.214256,6.693751,Duesseldorf
fd99c048-3b6b-4943-8b93-838daefba76b,Shell Duesseldorf Karlsruher Str. 45,Shell,Karlsruher Str.,Duesseldorf,51.197512,6.841084,Duesseldorf
eaba7fbc-709f-422d-979f-4d1e4816c6cc,PM Duesseldorf Koelner Landstr. 244,PM,Koelner Landstr.,Duesseldorf,51.184968,6.820818,Duesseldorf
30041ebf-0cd8-4b3b-ba03-f1f0aca560df,Esso Tankstelle,ESSO,TORFBRUCHSTR. 301,DUESSELDORF,51.226825,6.857289,Duesseldorf
8917c28b-b08d-4b97-8219-43ecb69079bb,Shell Duesseldorf Kieshecker Weg 256,Shell,Kieshecker Weg,Duesseldorf,51.2804,6.772591,Duesseldorf
1fe898c5-3a58-4660-aa86-eab4c751a041,bft-Station Kanidis,,Düsseldorfer Str.,Meerbusch,51.24755,6.69418,Duesseldorf
6036f1bd-e690-4518-bc99-733759d2f8c1,Esso Tankstelle,ESSO,BERGISCHE LANDSTR. 166,DUESSELDORF,51.245674,6.854814,Duesseldorf
9791361c-7a76-4175-adc9-3104bbdf3ebd,Shell Duesseldorf Niederrheinstr. 135,Shell,Niederrheinstr.,Duesseldorf,51.278118,6.741879,Duesseldorf
51d4b574-a095-1aa0-e100-80009459e03a,Supermarkt-Tankstelle NEUSS BATAVERSTR. 93,Supermarkt-Tankstelle,BATAVERSTR.,NEUSS,51.23153,6.68707,Duesseldorf
005056ba-7cb6-1ed2-bceb-a58e7779cd41,ORLEN Tankstelle,ORLEN,Kölner Straße,Neuss,51.18453,6.719202,Duesseldorf
c21ccfa9-5071-4801-a8ad-4653172bf4b6,Aral Tankstelle,ARAL,In den Kötten,Düsseldorf,51.21241,6.857821,Duesseldorf
72f7a2d4-1b77-4556-a45e-8abfb804fb3b,Esso Tankstelle,ESSO,VOLKARDEYER WEG 2,DUESSELDORF,51.281741,6.794695,Duesseldorf
c5bd15b5-5019-4421-8c85-25a21b4642e1,Elan Meerbusch,ELAN,Duesseldorfer Str.,Meerbusch,51.249692,6.690727,Duesseldorf
26093b61-a5eb-42e1-9c66-d767b8fa131c,SVG Autohof Düsseldorf Oerschbachstr.,SVG-Nordrhein eG,Oerschbachstr.,Düsseldorf,51.1891,6.8419,Duesseldorf
4c3ce577-f3db-428c-b5ff-d544c8e8349d,Aral Tankstelle,ARAL,Norfer Straße,Neuss,51.174274,6.737947,Duesseldorf
fbcdf8a7-b6ba-4ec3-ac4c-dde2f0f29934,Sb Duesseldorf Koelner Landstr. 350 A,SB,Koelner Landstr.,Duesseldorf,51.1799,6.82738,Duesseldorf
61d78973-1b05-4f36-a631-c087db30fdcc,TotalEnergies Duesseldorf,TotalEnergies,Vennhauser Allee,Duesseldorf,51.214427,6.864853,Duesseldorf
c46c827b-be21-4444-bb79-930ccc3696c8,Automatentankstelle,Markant (Tankautomat),Oerschbachstr.,Düsseldorf,51.18913,6.84608,Duesseldorf
cd8ba6a6-6699-1ee4-bced-371b423e881b,JET MEERBUSCH MOERSER STR. 70,JET,MOERSER STR.,MEERBUSCH,51.25672,6.68261,Duesseldorf
51d4b474-a095-1aa0-e100-80009459e03a,Supermarkt-Tankstelle NEUSS JAGENBERGSTR.,Supermarkt-Tankstelle,JAGENBERGSTR.,NEUSS,51.16402,6.75338,Duesseldorf
011ba4a2-c12b-4d3f-a96d-8cbf1d1e8585,AH Hohenstein,ARAL,Broichhofstrasse,Ratingen,51.29028,6.804525,Duesseldorf
0e4d959e-743d-41fd-8323-b435a0b458ba,Esso Tankstelle,ESSO,AN DER NORF 76,NEUSS,51.166441,6.734367,Duesseldorf
748b6d98-64f6-4030-86c7-26887a915eb3,Aral Tankstelle,ARAL,Münchener Straße,Düsseldorf,51.169052,6.822734,Duesseldorf
127035c1-a7c7-41db-9976-ab4cd14b7271,Aral Tankstelle,ARAL,Engelbertstraße,Neuss,51.207104,6.671111,Duesseldorf
dc7f0632-974c-4e2f-a64b-e4f3ea027b46,Esso Tankstelle,ESSO,AM SCHOENENKAMP 11,DUESSELDORF,51.18888,6.864575,Duesseldorf
51d4b6c6-a095-1aa0-e100-80009459e03a,JET NEUSS GLADBACHER STR. 27,JET,GLADBACHER STR.,NEUSS,51.21796,6.66438,Duesseldorf
51d4b60f-a095-1aa0-e100-80009459e03a,JET NEUSS JUELICHER LANDSTR. 52,JET,JUELICHER LANDSTR.,NEUSS,51.18751,6.6835,Duesseldorf
9533193d-3024-4fe2-a0c3-c6d660087112,Aral Tankstelle,ARAL,Volkardeyer Straße,Ratingen,51.288662,6.827508,Duesseldorf
cba0a43e-e52f-476a-a047-8f7138f3f646,Aral Tankstelle,ARAL,Bergheimer Straße,Neuss,51.18164,6.688258,Duesseldorf
21a4932a-9cea-4fac-bdd1-c305bf6ade43,Shell Duesseldorf Henkelstr. 306,Shell,Henkelstr.,Duesseldorf,51.179044,6.859483,Duesseldorf
1b3938ef-cd3a-499a-9a67-e73af8a56739,Shell Neuss Juelicher Land 115,Shell,Juelicher Land,Neuss,51.183771,6.678931,Duesseldorf
7e4c09ab-ab7d-4a13-af99-d043a611e410,Esso Tankstelle,ESSO,DUESSELDORFER STR. 128,RATINGEN,51.289585,6.838902,Duesseldorf
39add580-4053-4eb2-8a4a-2744c249c48c,Aral Tankstelle,ARAL,Nievenheimer Straße,Neuss,51.15772,6.731179,Duesseldorf
19c2a927-ba55-4480-9606-9388bc51ace8,Shell Neuss Bergheimer Str. 415,Shell,Bergheimer Str.,Neuss,51.173392,6.686733,Duesseldorf
529b7b56-0ff8-4f37-b116-d3b0144bf207,Aral Tankstelle,ARAL,Nürnberger Straße,Düsseldorf,51.170425,6.859408,Duesseldorf
5e3c22de-18c6-4715-aa36-bc61244fd431,Esso Tankstelle,ESSO,ARNHEIMER STR. 22,DUESSELDORF,51.303623,6.740373,Duesseldorf
9a9aabaf-adee-4180-87cb-e1a4c7fcd33e,Fricke,Tankpoint,Stadionring,Ratingen,51.2981,6.83963,Duesseldorf
9c9d07ab-515a-54aa-0bac-df556a1f654b,Tramin Tankcenter Citytank,Tramin,Hans-Böckler-Str.,Ratingen,51.294533,6.849886,Duesseldorf
5bf85d09-ea6b-4146-b23f-4b902e2e1554,Ratio Ratingen,RATIO,Daniel-Goldbach-Str.,Ratingen,51.30448,6.82067,Duesseldorf
a47189f4-0947-4601-ae8e-01c599ba3b66,Aral Tankstelle,ARAL,Gerresheimer Landstr.,Düsseldorf,51.20161,6.904797,Duesseldorf
b63d9d27-e74f-4c6e-8dfe-aa7784bba6f7,TotalEnergies Duesseldorf,TotalEnergies,Forststr.,Duesseldorf,51.168945,6.875034,Duesseldorf
005056ba-7cb6-1ed2-bceb-82ea369c0d2d,star Tankstelle,STAR,Bahnstraße,Ratingen,51.298277,6.855612,Duesseldorf
bc554df8-1200-4072-9afc-5759e749b43d,Shell Duesseldorf Caecilienstr. 30,Shell,Caecilienstr.,Duesseldorf,51.165996,6.873567,Duesseldorf
64ec825f-740c-477a-b7c2-2121154ee8a7,TotalEnergies Erkrath,TotalEnergies,Kirchstr.,Erkrath,51.223767,6.916481,Duesseldorf
cddf460c-8c09-4a30-b2ce-b120be13b040,Shell Kaarst Girmes Kreuz Str. 92,Shell,Girmes Kreuz Str.,Kaarst,51.21812,6.63103,Duesseldorf
79fb1f24-bebb-489e-841f-728f9053b555,TotalEnergies Ratingen,TotalEnergies,Homberger Str.,Ratingen,51.295966,6.86676,Duesseldorf
61f82d94-1280-4fbe-9c36-e3c40d6967ea,Aral Tankstelle,ARAL,Bergische Landstraße,Düsseldorf,51.26051,6.908724,Duesseldorf
d08f7052-f3cf-4374-b96b-ee46b55adfcd,Shell Meerbusch Xantener Str. 49,Shell,Xantener Str.,Meerbusch,51.285218,6.659646,Duesseldorf
2387601d-b2a5-4660-a8a0-a101cb391b49,Sb Meerbusch Meerbuscher Str. 196,SB,Meerbuscher Str.,Meerbusch,51.267024,6.640451,Duesseldorf
005056ba-7cb6-1ed2-bceb-91906e8e8d35,star Tankstelle,STAR,Maximilianstraße,Neuss,51.163644,6.665672,Duesseldorf
9266bc0b-6912-628d-d843-3c53b66d6195,Tramin Tankstelle Bilgin,Tramin,Meerbuscherstr.,Meerbusch,51.267893,6.638916,Duesseldorf
1a3afe4f-3a92-49ac-a453-7bcdf0c4f47b,OIL! Tankstelle Düsseldorf,OIL!,Angermunder Straße 130,Düsseldorf,51.32315,6.76993,Duesseldorf
17c21cb7-a925-450a-81be-3057f362ae0c,Shell Dormagen Duesseldorfer Str. 124,Shell,Duesseldorfer Str.,Dormagen,51.133959,6.803164,Duesseldorf
cfec89a4-d33a-4b59-a9d2-b115333e1d77,Shell Kaarst Mittelstr. 3,Shell,Mittelstr.,Kaarst,51.232602,6.617761,Duesseldorf
9f2b85c2-f137-4f96-b4e4-240bd3bfdc8b,Esso Tankstelle,ESSO,UERDINGER STR. 8,MEERBUSCH,51.303487,6.671054,Duesseldorf
005056ba-7cb6-1ed2-bceb-8692043d4d30,star Tankstelle,STAR,Neersener Straße,Kaarst,51.221852,6.611537,Duesseldorf
005056ba-7cb6-1ed2-bceb-683fd2c3cd1f,star Tankstelle,STAR,Am Wahler Berg,Dormagen,51.127925,6.807114,Duesseldorf
a84e1f3f-768a-4106-b77e-3697a0f96a8e,Esso Tankstelle,ESSO,UERDINGER STR. 125,MEERBUSCH,51.310723,6.678184,Duesseldorf
877b21e5-a5f0-4d63-9979-039818867d14,Nievenheim West,TOTAL,BAB A57,Dormagen,51.12398,6.795773,Duesseldorf
ac7a9102-6cc9-421c-8dab-e9f0e28d38da,SB Hilden Herder Str. 44,SB,Herder Str.,Hilden,51.17835,6.921195,Duesseldorf
e505835b-db69-4122-83fd-c4eb6f301b9f,Aral Tankstelle,ARAL,Kaarster Straße,Kaarst,51.218433,6.605988,Duesseldorf
ceffecbd-b742-418c-a189-9c79fb2aa623,Shell Dormagen A57 Nievenheim Ost,Shell,A57 Nievenheim Ost,Dormagen,51.123448,6.797595,Duesseldorf
005056ba-7cb6-1ed2-bceb-847de2f10d2e,star Tankstelle,STAR,Novesiastraße,Kaarst,51.196251,6.612436,Duesseldorf
90c3884d-9008-46e9-9379-c1061c0dee87,Shell Erkrath Max-Planck-Str. 81,Shell,Max-Planck-Str.,Erkrath,51.200445,6.93931,Duesseldorf
